ID,Genus,Ara,Ara/Gal/GlcA/Man/Xyl,Ara/Xyl,Fuc,Fuc/GlcA/Xyl,Gal,Gal/GlcA,Gal/GlcA/Fuc/Man/Xyl,Gal/Man/Xyl,GlcA,Man
BCW-200001,Acidovorax,0,0,3,0,0,1,0,0,0,0,1
BCW-200002,unassigned,0,0,1,0,0,0,0,0,0,0,0
BCW-200003,Lelliottia,0,1,5,0,0,1,2,8,3,0,0
BCW-200008,Acinetobacter,0,0,1,0,0,0,0,0,0,0,0
BCW-200009,Enterobacter,0,1,4,0,0,1,3,6,2,0,0
BCW-200011,Acidovorax,0,0,3,0,0,1,0,0,0,0,0
BCW-200012,Enterobacter,0,1,5,0,0,1,3,6,3,0,1
BCW-200013,Enterobacter,0,1,5,0,0,1,3,6,2,0,1
BCW-200014,Enterobacter,0,1,5,0,0,1,3,7,2,0,1
BCW-200015,Enterobacter,0,1,5,0,0,1,3,6,2,0,1
BCW-200016,Enterobacter,0,1,5,0,0,1,3,7,2,0,1
BCW-200017,Enterobacter,1,1,5,0,0,1,3,7,2,0,1
BCW-200018,Enterobacter,1,2,4,0,0,1,3,7,2,0,2
BCW-200023,Enterobacter,1,2,4,0,0,1,3,7,2,0,2
BCW-200025,Enterobacter,1,2,4,0,0,1,3,7,2,0,2
BCW-200026,Enterobacter,1,1,5,0,0,1,3,7,2,0,1
BCW-200027,Enterobacter,0,1,4,0,0,1,3,6,2,0,0
BCW-200028,unassigned,1,1,8,0,0,3,6,10,1,0,2
BCW-200029,Enterobacter,0,1,4,0,0,1,3,6,2,0,0
BCW-200030,Raoultella,1,1,8,0,0,3,6,10,1,0,2
BCW-200031,Citrobacter,2,2,3,0,0,0,3,4,2,0,2
BCW-200032,Acinetobacter,0,0,1,0,0,0,0,0,0,0,0
BCW-200033,Lelliottia,0,1,5,0,0,1,2,8,3,0,0
BCW-200034,Enterobacter,0,1,5,0,0,1,3,7,2,0,1
BCW-200035,Enterobacter,0,1,5,0,0,1,3,7,2,0,1
BCW-200036,Citrobacter,0,2,3,0,0,0,4,4,2,0,2
BCW-200040,Lelliottia,0,1,5,0,0,1,2,8,3,0,0
BCW-200041,Enterobacter,1,2,4,0,0,1,3,7,2,0,2
BCW-200043,Enterobacter,1,1,5,0,0,2,3,7,4,0,2
BCW-200044,Acinetobacter,0,0,1,0,0,0,0,0,0,0,0
BCW-200046,Pseudomonas,0,0,2,0,0,0,0,0,0,0,0
BCW-200047,Enterobacter,0,1,4,0,0,1,3,6,2,0,0
BCW-200049,Klebsiella,1,2,9,0,0,3,7,9,2,0,2
BCW-200050,Enterobacter,0,1,5,0,0,1,3,7,2,0,2
BCW-200051,Lactococcus,0,1,2,1,0,0,0,6,0,1,4
BCW-200053,Klebsiella,1,2,9,0,0,3,7,9,2,0,2
BCW-200054,Enterobacter,0,1,4,0,0,1,3,6,2,0,0
BCW-200055,Enterobacter,0,1,4,0,0,1,3,6,2,0,0
BCW-200056,Pseudomonas,0,0,2,0,0,0,0,0,0,0,0
BCW-200057,unassigned,0,0,8,0,0,2,0,3,4,0,2
BCW-200060,Metakosakonia,1,2,6,0,0,3,5,11,2,0,1
BCW-200061,Serratia,0,2,5,0,0,3,2,5,2,0,1
BCW-200063,unassigned,0,0,8,0,0,1,0,3,4,0,2
BCW-200064,Enterobacter,0,1,4,0,0,1,3,6,2,0,0
BCW-200065,Pseudomonas,0,0,4,0,0,0,0,0,0,0,0
BCW-200066,Atlantibacter,1,1,4,0,0,0,1,3,3,0,1
BCW-200067,Microbacterium,1,0,5,0,1,1,0,3,2,0,3
BCW-200068,Pseudomonas,0,0,4,0,0,0,0,0,0,0,0
BCW-200069,Klebsiella,1,1,8,0,0,3,6,10,2,0,1
BCW-200071,Lelliottia,0,1,5,0,0,1,3,7,3,0,0
BCW-200073,Pseudomonas,0,0,2,0,0,1,0,0,0,0,0
BCW-200077,Lactococcus,0,1,2,0,0,0,0,8,0,1,3
BCW-200078,Micrococcus,0,0,0,0,0,0,0,0,0,0,0
BCW-200079,unassigned,0,1,2,0,0,0,0,8,0,1,3
BCW-200081,Acinetobacter,0,0,1,0,0,0,0,0,0,0,0
BCW-200082,Enterobacter,1,1,5,0,0,2,3,7,5,0,2
BCW-200083,Klebsiella,1,1,8,0,0,4,6,9,2,0,1
BCW-200084,Klebsiella,1,1,8,0,0,4,6,9,2,0,1
BCW-200086,Klebsiella,1,1,8,0,0,4,6,9,2,0,1
BCW-200092,Enterobacter,0,1,5,0,0,1,3,6,2,0,1
BCW-200093,Klebsiella,1,1,9,0,0,5,7,9,2,0,1
BCW-200094,unassigned,0,1,4,0,0,2,4,7,5,0,2
BCW-200095,Enterobacter,0,1,5,0,0,1,3,7,2,0,1
BCW-200096,Klebsiella,1,1,8,0,0,3,6,10,2,0,3
BCW-200097,Acinetobacter,0,0,1,0,0,0,0,0,0,0,0
BCW-200099,Klebsiella,1,1,8,0,0,3,6,10,2,0,3
BCW-200100,Acinetobacter,0,0,1,0,0,0,0,0,0,0,0
BCW-200101,Bacillus,0,0,1,0,0,0,0,0,0,0,0
BCW-200102,Enterobacter,0,1,5,0,0,1,3,7,2,0,1
BCW-200103,Stenotrophomonas,0,0,7,0,0,1,0,0,0,1,3
BCW-200104,Enterobacter,1,1,5,0,0,2,3,8,2,0,3
BCW-200105,Acinetobacter,0,0,1,0,0,0,0,0,0,0,0
BCW-200106,Raoultella,0,1,7,0,0,2,6,9,1,0,1
BCW-200107,Enterobacter,0,2,4,0,0,1,3,6,3,0,2
BCW-200109,Enterobacter,0,1,5,0,0,1,3,7,2,0,1
BCW-200111,Citrobacter,0,2,3,0,0,0,4,4,2,0,2
BCW-200112,Acinetobacter,0,0,1,0,0,0,0,0,0,0,0
BCW-200113,unassigned,2,1,8,0,0,3,6,9,2,0,1
BCW-200114,Serratia,0,2,2,0,0,0,5,6,1,0,1
BCW-200115,Morganella,0,1,2,0,0,0,0,0,0,0,0
BCW-200116,Acinetobacter,0,0,1,0,0,0,0,0,0,0,0
BCW-200117,Raoultella,0,1,7,0,0,2,6,9,1,0,1
BCW-200118,Acinetobacter,0,0,1,0,0,0,0,0,0,0,0
BCW-200119,Acinetobacter,0,0,1,0,0,0,0,0,0,0,0
BCW-200120,Raoultella,0,1,7,0,0,2,6,9,1,0,1
BCW-200121,Lactococcus,0,1,2,0,0,0,0,7,0,1,3
BCW-200122,Enterobacter,0,1,5,0,0,1,3,7,2,0,1
BCW-200123,Klebsiella,2,1,8,0,0,3,6,9,2,0,1
BCW-200124,Klebsiella,2,1,8,0,0,3,6,9,2,0,1
BCW-200128,Lactococcus,0,1,2,0,0,0,0,7,0,0,4
BCW-200129,Klebsiella,2,1,8,0,0,3,6,9,2,0,1
BCW-200132,Klebsiella,2,1,8,0,0,3,6,9,2,0,1
BCW-200133,unassigned,0,1,5,0,0,1,3,7,2,0,1
BCW-200136,Klebsiella,2,1,8,0,0,3,6,9,2,0,1
BCW-200137,Klebsiella,2,1,8,0,0,3,6,9,2,0,1
BCW-200138,Lactococcus,0,1,2,0,0,0,0,7,0,0,4
BCW-200141,Kosakonia,0,1,4,0,0,1,3,11,2,0,0
BCW-200142,Raoultella,0,1,7,0,0,2,6,9,1,0,1
BCW-200143,Rahnella,1,2,4,0,0,2,2,6,3,0,4
BCW-200144,Rahnella,1,2,4,0,0,2,2,6,3,0,4
BCW-200145,Rahnella,1,1,5,0,0,2,1,6,4,0,2
BCW-200146,Rahnella,1,2,4,0,0,2,2,6,3,0,4
BCW-200147,unassigned,0,2,6,0,0,2,6,10,1,0,2
BCW-200148,unassigned,0,2,7,0,0,2,6,10,1,0,3
BCW-200149,Rahnella,1,2,4,0,0,2,2,6,3,0,4
BCW-200150,Lactococcus,0,1,2,0,0,0,0,7,0,0,3
BCW-200151,Rahnella,1,2,5,0,0,2,1,6,4,0,3
BCW-200152,Rahnella,1,2,4,0,0,2,2,6,3,0,4
BCW-200153,Stenotrophomonas,0,0,8,0,0,1,0,0,0,1,4
BCW-200154,Stenotrophomonas,0,0,8,0,0,1,0,0,0,1,4
BCW-200155,Rahnella,1,1,5,0,0,2,1,6,4,0,2
BCW-200156,unassigned,0,2,7,0,0,2,6,10,1,0,2
BCW-200157,Rahnella,1,2,5,0,0,2,1,6,4,0,3
BCW-200158,Lactococcus,0,0,2,1,0,0,0,7,1,2,3
BCW-200159,Lactococcus,0,0,2,1,0,0,0,7,1,2,3
BCW-200160,Lactococcus,0,0,2,1,0,0,0,7,1,2,3
BCW-200161,Raoultella,0,1,7,0,0,2,6,9,1,0,1
BCW-200162,Metakosakonia,1,1,4,0,0,2,3,10,1,0,1
BCW-200163,Lactococcus,0,0,2,1,0,0,0,7,1,2,3
BCW-200165,Raoultella,0,1,7,0,0,2,6,9,1,0,1
BCW-200167,Klebsiella,2,1,8,0,0,3,6,9,2,0,1
BCW-200168,Metakosakonia,1,2,4,1,0,3,3,11,2,0,2
BCW-200169,Raoultella,0,1,7,0,0,2,6,9,1,0,1
BCW-200171,Raoultella,0,1,7,0,0,2,6,9,1,0,1
BCW-200172,Klebsiella,2,1,8,0,0,3,6,9,2,0,1
BCW-200173,Micrococcus,0,0,0,0,0,0,0,0,0,0,0
BCW-200174,Lactococcus,0,0,2,1,0,0,0,7,1,2,3
BCW-200175,Lactococcus,0,1,2,0,0,0,0,7,0,0,4
BCW-200177,Klebsiella,2,1,8,0,0,3,6,9,2,0,1
BCW-200180,Lactococcus,0,1,2,0,0,0,0,8,0,1,3
BCW-200181,Kosakonia,0,1,4,0,0,1,3,11,2,0,0
BCW-200182,unassigned,0,2,7,0,0,2,6,10,1,0,2
BCW-200183,Kosakonia,0,1,4,0,0,1,3,11,2,0,0
BCW-200184,unassigned,0,2,7,0,0,2,6,10,1,0,2
BCW-200188,Lactococcus,0,1,3,0,0,0,0,9,0,0,4
BCW-200192,Lactococcus,0,1,3,0,0,0,0,9,0,0,4
BCW-200194,Kosakonia,0,1,4,0,0,1,3,11,2,0,0
BCW-200195,unassigned,0,2,6,0,0,2,6,10,1,0,2
BCW-200196,Lactococcus,0,1,3,0,0,0,0,9,0,0,4
BCW-200197,Kosakonia,0,1,4,0,0,1,3,11,2,0,0
BCW-200198,Lactococcus,0,1,2,0,0,0,0,8,0,2,3
BCW-200199,unassigned,0,2,6,0,0,2,6,10,1,0,2
BCW-200200,unassigned,0,2,7,0,0,2,6,10,1,0,2
BCW-200201,unassigned,0,2,7,0,0,2,6,10,1,0,2
BCW-200202,Stenotrophomonas,0,0,3,0,0,1,0,0,0,0,2
BCW-200203,Raoultella,1,1,8,0,0,3,6,10,2,0,2
BCW-200206,Enterobacter,0,1,5,0,0,1,3,7,2,0,1
BCW-200208,Agrobacterium,0,0,1,0,0,2,2,1,1,0,0
BCW-200209,Leifsonia,1,0,2,1,0,1,0,1,2,0,0
BCW-200210,Kosakonia,0,1,4,0,0,1,3,11,2,0,0
BCW-200213,Rahnella,1,2,4,0,0,2,2,6,3,0,4
BCW-200214,Kosakonia,0,1,4,0,0,1,3,11,2,0,0
BCW-200215,Agrobacterium,0,0,2,0,0,4,2,1,1,0,0
BCW-200216,Enterobacter,0,1,5,0,0,1,3,7,2,0,1
BCW-200218,Enterobacter,0,2,4,0,0,1,3,7,2,0,2
BCW-200219,Enterobacter,0,2,4,0,0,1,3,7,2,0,2
BCW-200221,unassigned,0,2,7,0,0,2,6,10,1,0,2
BCW-200225,unassigned,0,2,7,0,0,2,6,10,1,0,2
BCW-200226,Kosakonia,0,1,4,0,0,1,3,11,2,0,0
BCW-200227,Kosakonia,0,1,4,0,0,1,3,11,2,0,0
BCW-200229,Lactococcus,0,1,2,0,0,0,0,7,0,2,3
BCW-200231,unassigned,1,2,4,0,0,1,3,7,3,0,3
BCW-200232,Lactococcus,0,1,3,0,0,0,0,9,0,0,4
BCW-200234,unassigned,0,2,6,0,0,2,6,10,1,0,2
BCW-200235,unassigned,0,2,5,0,0,2,6,10,1,0,2
BCW-200236,unassigned,0,2,6,0,0,2,6,10,1,0,2
BCW-200237,unassigned,0,2,7,0,0,2,6,10,1,0,2
BCW-200238,Lactococcus,0,1,3,0,0,0,0,9,0,0,4
BCW-200241,Lactococcus,0,1,2,0,0,0,0,7,0,2,3
BCW-200266,Stenotrophomonas,0,0,8,0,0,1,0,0,0,1,4
BCW-200267,Pseudomonas,0,0,4,0,0,0,0,0,0,0,0
BCW-200268,Enterobacter,0,1,4,0,0,2,4,7,4,0,3
BCW-200269,Lelliottia,0,1,5,0,0,1,2,8,3,0,0
BCW-200270,Lelliottia,0,1,5,0,0,1,2,8,3,0,0
BCW-200271,Lelliottia,0,1,5,0,0,1,2,8,3,0,0
BCW-200272,Rahnella,1,1,5,0,0,2,1,6,3,0,2
BCW-200275,Lelliottia,0,1,5,0,0,1,2,8,3,0,0
BCW-200276,Raoultella,1,1,6,0,0,2,3,8,1,0,0
BCW-200279,Enterobacter,0,2,4,0,0,0,3,6,3,0,3
BCW-200281,Raoultella,1,1,7,0,0,3,6,9,1,0,1
BCW-200290,Pseudomonas,0,0,2,0,0,0,0,0,0,0,0
BCW-200294,Raoultella,1,1,7,0,0,3,6,10,2,0,2
BCW-200307,Metakosakonia,1,2,4,0,0,2,3,10,1,0,1
BCW-200308,Metakosakonia,1,2,4,0,0,2,3,10,1,0,1
BCW-200315,unassigned,0,2,2,0,0,0,5,5,1,0,1
BCW-200317,Enterobacter,0,1,5,0,0,1,3,7,2,0,1
BCW-200319,Erwinia,0,1,3,0,0,0,1,4,1,0,1
BCW-200327,Serratia,0,2,2,0,0,0,5,6,1,0,1
BCW-200328,Agrobacterium,0,0,2,0,0,2,2,1,1,0,1
BCW-200432,Pseudomonas,0,0,2,0,0,0,0,0,0,0,0
BCW-200436,Pseudomonas,0,0,2,0,0,0,0,0,0,0,0
BCW-200437,Raoultella,1,1,7,0,0,3,6,9,1,0,1
BCW-200438,Raoultella,1,1,6,0,0,3,6,8,2,0,2
BCW-200440,Raoultella,1,1,7,0,0,3,6,9,1,0,1
BCW-200442,Raoultella,1,1,7,0,0,3,6,9,1,0,1
BCW-200443,Pseudomonas,0,0,2,0,0,0,0,0,0,0,0
BCW-200444,Raoultella,1,1,7,0,0,3,6,9,1,0,1
BCW-200446,Raoultella,1,1,7,0,0,3,6,9,1,0,1
BCW-200449,Raoultella,1,1,8,0,0,3,6,8,1,0,1
BCW-200458,Pseudomonas,0,0,2,0,0,0,0,0,0,0,0
BCW-200460,Pseudomonas,0,0,2,0,0,0,0,0,0,0,0
BCW-200464,Agrobacterium,1,0,1,0,0,2,2,1,1,0,0
BCW-200465,Agrobacterium,0,0,1,0,0,2,2,1,1,0,0
BCW-200471,Pseudomonas,0,0,3,0,0,0,0,0,0,0,0
BCW-200473,Lelliottia,0,1,5,0,0,1,2,8,3,0,0
BCW-200476,Pseudomonas,0,0,4,0,0,0,0,0,0,0,0
BCW-200477,Pseudomonas,0,0,2,0,0,0,0,0,0,0,1
BCW-200488,Raoultella,1,1,8,0,0,3,6,8,1,0,1
BCW-200496,Raoultella,1,1,8,0,0,3,6,8,1,0,1
BCW-200497,Pseudomonas,0,0,4,0,0,0,0,0,0,0,0
BCW-200498,unassigned,0,0,4,0,0,0,0,0,0,0,0
BCW-200499,Raoultella,1,1,8,0,0,3,6,8,1,0,1
BCW-200509,Metakosakonia,1,1,4,0,0,2,3,9,1,0,1
BCW-200517,Metakosakonia,1,1,4,0,0,2,3,9,1,0,1
BCW-200521,Raoultella,0,1,7,0,0,2,6,10,1,0,2
BCW-200525,Raoultella,0,1,7,0,0,2,6,8,1,0,1
BCW-200527,Pseudomonas,0,0,3,0,0,0,0,0,0,0,0
BCW-200528,Pseudomonas,0,0,3,0,0,0,0,0,0,0,0
BCW-200533,Rhodococcus,0,0,4,0,0,0,0,1,0,0,2
BCW-200539,Citrobacter,2,2,5,0,0,0,2,4,2,0,2
BCW-200542,unassigned,0,2,2,0,0,0,5,6,1,0,1
BCW-200544,Serratia,0,1,2,0,0,0,5,6,1,0,0
BCW-200545,Rahnella,1,1,5,0,0,2,3,6,4,0,3
BCW-200547,Serratia,0,2,2,0,0,0,5,6,1,0,1
BCW-200552,Rahnella,1,2,5,0,0,2,3,6,4,0,3
BCW-200553,Raoultella,1,1,6,0,0,2,3,7,2,0,0
BCW-200555,Raoultella,1,1,8,0,0,3,6,8,1,0,1
BCW-200556,Lelliottia,0,1,5,0,0,1,2,8,3,0,0
BCW-200559,Rahnella,1,2,5,0,0,2,3,6,4,0,3
BCW-200561,Rahnella,1,1,5,0,0,2,1,6,3,0,2
BCW-200564,Rahnella,1,1,5,0,0,2,3,6,4,0,3
BCW-200565,Rahnella,1,1,5,0,0,2,3,6,4,0,3
BCW-200567,Metakosakonia,1,2,3,1,0,3,3,11,4,0,2
BCW-200570,Stenotrophomonas,0,0,4,0,0,1,0,0,0,0,4
BCW-200574,Stenotrophomonas,0,0,4,0,0,1,0,0,0,0,4
BCW-200577,Raoultella,1,1,6,0,0,3,6,9,2,0,2
BCW-200578,Rahnella,1,1,5,0,0,2,3,6,4,0,3
BCW-200587,Stenotrophomonas,0,0,7,0,0,1,0,0,0,1,4
BCW-200588,Pseudomonas,0,0,4,0,0,0,0,0,0,0,0
BCW-200589,Stenotrophomonas,0,0,7,0,0,1,0,0,0,1,4
BCW-200596,Lelliottia,0,1,5,0,0,1,2,8,3,0,0
BCW-200599,Pseudomonas,0,0,2,0,0,0,0,0,0,0,0
BCW-200600,Raoultella,1,1,6,0,0,3,5,8,2,0,1
BCW-200607,Pseudomonas,0,0,4,0,0,0,0,0,0,0,0
BCW-200620,Raoultella,0,1,7,0,0,2,6,9,1,0,1
BCW-200621,Pseudomonas,0,0,2,0,0,0,0,0,0,0,0
BCW-200634,Lelliottia,0,1,4,0,0,1,3,8,3,0,1
BCW-200641,Lelliottia,0,1,4,0,0,1,3,8,3,0,1
BCW-200642,Rahnella,1,1,5,0,0,2,3,6,4,0,3
BCW-200644,Rahnella,1,1,5,0,0,2,3,6,4,0,3
BCW-200646,Stenotrophomonas,0,0,8,0,0,1,0,0,0,1,4
BCW-200647,Rahnella,1,1,5,0,0,2,3,6,4,0,3
BCW-200648,Raoultella,0,1,7,0,0,2,6,10,1,0,2
BCW-200649,Rahnella,1,1,5,0,0,2,3,6,4,0,3
BCW-200650,Rahnella,1,1,5,0,0,2,3,6,4,0,3
BCW-200651,Klebsiella,1,1,8,0,0,3,6,9,2,0,2
BCW-200656,Metakosakonia,1,2,6,0,0,2,2,10,3,0,1
BCW-200660,Klebsiella,1,1,8,0,0,3,6,9,2,0,2
BCW-200661,Raoultella,1,1,6,0,0,2,3,7,2,0,0
BCW-200662,Klebsiella,1,1,8,0,0,3,6,9,2,0,2
BCW-200663,Agrobacterium,0,0,1,0,0,2,2,1,1,0,0
BCW-200665,Raoultella,1,1,6,0,0,2,3,7,2,0,0
BCW-200667,Enterobacter,0,1,5,0,0,1,3,7,2,0,1
BCW-200669,Enterobacter,0,1,5,0,0,1,3,7,2,0,1
BCW-200704,Raoultella,1,1,6,0,0,2,3,8,1,0,0
BCW-200705,Agrobacterium,0,0,2,0,0,2,2,1,1,0,1
BCW-200715,Rahnella,1,1,5,0,0,2,3,6,4,0,3
BCW-200716,Rahnella,1,1,5,0,0,2,3,6,4,0,3
BCW-200718,Rahnella,1,1,5,0,0,2,3,6,4,0,3
BCW-200723,Rahnella,1,1,5,0,0,2,3,6,4,0,3
BCW-200724,Rahnella,1,1,5,0,0,2,3,6,4,0,3
BCW-200725,Rahnella,1,1,5,0,0,2,3,6,4,0,3
BCW-200726,Rahnella,1,1,5,0,0,2,3,6,4,0,3
BCW-200727,Raoultella,0,1,7,0,0,2,6,8,1,0,1
BCW-200736,Rahnella,1,1,5,0,0,2,3,6,4,0,3
BCW-200738,Raoultella,0,1,7,0,0,2,6,8,1,0,1
BCW-200776,Raoultella,1,1,6,0,0,2,3,7,2,0,0
BCW-200785,Pseudomonas,0,0,3,0,0,0,0,0,0,0,0
BCW-200790,Pseudomonas,0,0,3,0,0,0,0,0,0,0,0
BCW-200791,Pseudomonas,0,0,3,0,0,0,0,0,0,0,0
BCW-200797,Rahnella,1,2,5,0,0,2,3,6,4,0,3
BCW-200798,Rahnella,1,2,5,0,0,2,3,6,4,0,3
BCW-200800,Rahnella,1,2,5,0,0,2,3,6,4,0,3
BCW-200801,Rahnella,1,2,5,0,0,2,3,6,4,0,3
BCW-200806,Rahnella,1,1,5,0,0,2,1,6,3,0,2
BCW-200808,Rahnella,1,1,5,0,0,2,1,6,3,0,2
BCW-200810,Rahnella,1,1,5,0,0,2,1,6,3,0,2
BCW-200814,Rahnella,1,1,5,0,0,2,3,6,4,0,3
BCW-200815,Rahnella,1,1,5,0,0,2,3,6,4,0,3
BCW-200818,Rahnella,1,2,5,0,0,2,3,6,4,0,3
BCW-200820,Raoultella,1,1,8,0,0,3,6,8,1,0,1
BCW-200821,Rahnella,1,1,5,0,0,2,3,6,4,0,3
BCW-200828,Rahnella,1,1,5,0,0,2,3,6,4,0,3
BCW-200847,Raoultella,1,1,8,0,0,3,6,8,1,0,1
BCW-200855,Raoultella,1,1,8,0,0,3,6,8,1,0,1
BCW-200874,Raoultella,1,1,8,0,0,3,6,8,1,0,1
BCW-200879,Raoultella,1,1,8,0,0,3,6,8,1,0,1
BCW-200880,Raoultella,1,1,8,0,0,3,6,8,1,0,1
BCW-200881,Raoultella,1,1,8,0,0,3,6,8,1,0,1
BCW-200882,Raoultella,1,1,8,0,0,3,6,8,1,0,1
BCW-200883,Enterobacter,1,1,6,0,0,2,3,7,3,0,4
BCW-200885,Raoultella,1,1,8,0,0,3,6,8,1,0,1
BCW-200886,Raoultella,1,1,8,0,0,3,6,8,1,0,1
BCW-200887,Raoultella,1,1,8,0,0,3,6,8,1,0,1
BCW-200891,Raoultella,1,1,7,0,0,3,6,9,1,0,1
BCW-200892,Raoultella,1,1,7,0,0,3,6,9,1,0,1
BCW-200902,Agrobacterium,0,0,2,0,0,2,2,1,1,0,1
BCW-200903,unassigned,0,0,2,0,0,2,2,1,1,0,1
BCW-200904,Agrobacterium,0,0,2,0,0,2,2,1,1,0,1
BCW-200909,Raoultella,1,1,8,0,0,3,6,8,1,0,1
BCW-200910,Agrobacterium,0,0,2,0,0,2,2,1,1,0,1
BCW-200912,unassigned,0,0,2,0,0,2,2,1,1,0,1
BCW-200915,Raoultella,1,1,8,0,0,3,6,8,1,0,1
BCW-200920,Agrobacterium,0,0,2,0,0,2,2,1,1,0,1
BCW-200926,Raoultella,1,1,8,0,0,3,6,8,1,0,1
BCW-200938,Stenotrophomonas,0,0,8,0,0,1,0,0,0,1,4
BCW-200939,Stenotrophomonas,0,0,8,0,0,1,0,0,0,1,4
BCW-200944,Stenotrophomonas,0,0,8,0,0,1,0,0,0,1,4
BCW-200945,Stenotrophomonas,0,0,8,0,0,1,0,0,0,1,4
BCW-200951,Metakosakonia,1,2,3,1,0,3,3,11,4,0,2
BCW-200952,Pantoea,1,1,4,0,0,0,2,4,2,0,1
BCW-200955,Metakosakonia,1,2,3,1,0,3,3,11,4,0,2
BCW-200983,Citrobacter,2,2,5,0,0,0,2,4,2,0,2
BCW-200984,Citrobacter,2,2,5,0,0,0,2,4,2,0,2
BCW-200986,Citrobacter,2,2,5,0,0,0,2,4,2,0,2
BCW-200988,unassigned,2,2,5,0,0,0,2,4,2,0,2
BCW-200989,Lelliottia,0,1,5,0,0,1,2,8,3,0,0
BCW-200990,Lelliottia,0,1,5,0,0,1,2,8,3,0,0
BCW-200991,Lelliottia,0,1,5,0,0,1,2,8,3,0,0
BCW-200993,Herbaspirillum,0,0,2,0,0,1,0,0,1,0,0
BCW-200994,Lelliottia,0,1,5,0,0,1,2,8,3,0,0
BCW-201007,Rahnella,1,1,5,0,0,2,3,6,4,0,3
BCW-201008,Rahnella,1,1,5,0,0,2,3,6,4,0,3
BCW-201010,Rahnella,1,1,5,0,0,2,3,6,4,0,3
BCW-201013,Rahnella,1,1,5,0,0,2,3,6,4,0,3
BCW-201014,Rahnella,1,1,5,0,0,2,3,6,4,0,3
BCW-201019,Klebsiella,1,2,8,0,0,3,6,9,2,0,2
BCW-201020,Klebsiella,1,2,8,0,0,3,6,9,2,0,2
BCW-201021,Klebsiella,1,2,8,0,0,3,6,9,2,0,2
BCW-201024,Rahnella,1,1,5,0,0,2,3,6,4,0,3
BCW-201025,Rahnella,1,1,5,0,0,2,3,6,4,0,3
BCW-201028,Rahnella,1,1,5,0,0,2,3,6,4,0,3
BCW-201036,Rahnella,1,1,5,0,0,2,3,6,4,0,3
BCW-201044,Raoultella,1,1,8,0,0,3,6,8,1,0,1
BCW-201045,Lelliottia,0,1,5,0,0,1,2,8,3,0,0
BCW-201051,Serratia,0,2,5,0,0,1,3,5,2,0,1
BCW-201054,Serratia,0,2,5,0,0,1,3,5,2,0,1
BCW-201056,Hafnia,0,1,3,0,0,0,3,3,2,0,0
BCW-201058,Metakosakonia,1,1,7,0,0,1,3,9,3,0,0
BCW-201059,Rahnella,1,2,5,0,0,2,3,6,4,0,3
BCW-201070,Rahnella,1,2,5,0,0,2,3,6,4,0,3
BCW-201071,Raoultella,0,1,7,0,0,2,6,10,1,0,2
BCW-201075,Raoultella,1,1,6,0,0,2,3,7,2,0,0
BCW-201078,Raoultella,1,1,6,0,0,2,3,7,2,0,0
BCW-201079,Serratia,0,2,5,0,0,1,3,5,2,0,1
BCW-201081,Pantoea,0,1,3,0,0,0,1,3,1,0,0
BCW-201083,Citrobacter,1,2,3,0,0,0,2,4,3,0,1
BCW-201084,Lelliottia,0,1,5,0,0,1,2,8,3,0,0
BCW-201085,Serratia,0,2,2,0,0,0,5,6,1,0,1
BCW-201088,Rahnella,1,2,5,0,0,2,3,6,4,0,3
BCW-201090,unassigned,0,1,5,0,0,1,2,8,3,0,0
BCW-201091,Rahnella,1,2,5,0,0,2,3,6,4,0,3
BCW-201097,unassigned,1,1,6,0,0,2,3,8,1,0,0
BCW-201098,Raoultella,1,1,6,0,0,2,3,8,1,0,0
BCW-201103,Lelliottia,0,1,4,0,0,1,3,8,3,0,1
BCW-201107,Raoultella,1,1,6,0,0,2,3,7,2,0,0
BCW-201151,Lelliottia,0,1,5,0,0,1,2,8,3,0,0
BCW-201152,Citrobacter,1,2,3,0,0,0,2,4,3,0,1
BCW-201153,Serratia,0,2,2,0,0,0,5,6,1,0,1
BCW-201154,Citrobacter,1,2,3,0,0,0,2,4,3,0,1
BCW-201155,Metakosakonia,1,1,7,0,0,1,3,9,3,0,0
BCW-201162,Rahnella,1,2,5,0,0,2,3,6,4,0,3
BCW-201173,Escherichia,0,2,2,0,0,0,3,3,2,0,2
BCW-201175,Rahnella,1,1,5,0,0,2,3,6,4,0,3
BCW-201176,Rahnella,1,1,5,0,0,2,3,6,4,0,3
BCW-201184,Rahnella,1,2,5,0,0,2,3,6,4,0,3
BCW-201185,Serratia,0,2,2,0,0,0,5,6,1,0,1
BCW-201186,Rahnella,1,1,5,0,0,2,3,6,4,0,3
BCW-201187,Rahnella,1,1,5,0,0,2,3,6,4,0,3
BCW-201236,Hafnia,1,1,3,0,0,0,3,3,2,0,0
BCW-201238,Serratia,0,2,2,0,0,0,5,6,1,0,1
BCW-201245,Rahnella,1,1,5,0,0,2,2,6,4,0,2
BCW-201248,Rahnella,1,1,5,0,0,2,2,6,4,0,2
BCW-201257,Serratia,0,2,2,0,0,0,5,6,1,0,1
BCW-201258,Lelliottia,0,1,5,0,0,1,2,8,3,0,0
BCW-201259,Rahnella,1,2,5,0,0,2,3,6,4,0,3
BCW-201260,Lelliottia,0,1,5,0,0,1,2,8,3,0,0
BCW-201263,Klebsiella,1,1,8,0,0,3,6,9,2,0,2
BCW-201267,unassigned,1,1,7,0,0,3,6,10,2,0,2
BCW-201290,Pseudomonas,0,0,3,0,0,0,0,0,0,0,0
BCW-201292,Pseudomonas,0,0,2,0,0,0,0,0,0,0,0
BCW-201293,Pseudomonas,0,0,2,0,0,0,0,0,0,0,0
BCW-201297,Rahnella,1,1,5,0,0,2,3,6,4,0,3
BCW-201302,Rahnella,1,1,5,0,0,2,3,6,4,0,3
BCW-201304,Rahnella,1,1,5,0,0,2,3,6,4,0,3
BCW-201315,Rahnella,1,1,5,0,0,2,3,6,4,0,3
BCW-201350,Serratia,0,1,2,0,0,0,5,6,1,0,0
BCW-201441,Klebsiella,1,1,8,0,0,3,6,9,2,0,2
BCW-201443,Raoultella,0,1,7,0,0,2,6,8,1,0,1
BCW-201444,Atlantibacter,1,1,2,0,0,0,1,3,2,0,0
BCW-201445,Atlantibacter,1,1,2,0,0,0,1,3,2,0,0
BCW-201450,Hafnia,0,1,3,0,0,0,3,3,2,0,0
BCW-201453,Lactococcus,0,1,2,1,0,0,0,7,0,2,4
BCW-201461,Raoultella,0,1,7,0,0,2,6,8,1,0,1
BCW-201614,Raoultella,1,1,6,0,0,2,3,8,1,0,0
BCW-201615,Raoultella,1,1,6,0,0,2,3,7,2,0,0
BCW-201620,Raoultella,1,1,6,0,0,2,3,7,2,0,0
BCW-201648,Rahnella,1,1,5,0,0,2,3,6,4,0,3
BCW-201649,Raoultella,1,1,6,0,0,3,6,8,2,0,2
BCW-201653,Serratia,0,2,5,0,0,1,3,5,2,0,1
BCW-201654,Rahnella,1,1,5,0,0,2,3,6,4,0,3
BCW-201659,Enterobacter,0,1,5,0,0,1,3,7,2,0,1
BCW-201662,Serratia,0,2,5,0,0,1,3,5,2,0,1
BCW-201703,Raoultella,1,1,6,0,0,2,3,7,2,0,0
BCW-201721,Enterobacter,0,1,5,0,0,1,3,7,2,0,1
BCW-201726,Enterobacter,0,1,4,0,0,1,3,6,2,0,0
BCW-201808,Metakosakonia,1,2,5,0,0,1,3,10,2,0,1
BCW-201809,Serratia,0,2,2,0,0,0,5,6,1,0,1
BCW-201811,unassigned,0,2,5,0,0,1,3,6,2,0,1
BCW-201812,Enterobacter,1,1,6,0,0,2,3,7,3,0,4
BCW-201814,Enterobacter,1,1,6,0,0,2,3,7,3,0,4
BCW-201819,Curtobacterium,1,1,5,1,0,5,1,3,1,0,7
BCW-201826,Pantoea,1,1,4,0,0,0,2,4,2,0,1
BCW-201827,Pantoea,0,1,3,0,0,0,1,3,1,0,0
BCW-201828,Metakosakonia,1,2,5,0,0,1,3,10,2,0,1
BCW-201832,unassigned,0,2,5,0,0,1,3,6,2,0,1
BCW-201833,Pantoea,0,1,4,0,0,0,1,4,0,0,0
BCW-201835,Staphylococcus,0,0,0,0,0,0,0,2,0,0,0
BCW-201839,Enterobacter,1,1,6,0,0,2,3,7,3,0,4
BCW-201842,Curtobacterium,2,1,1,0,0,5,0,1,0,0,4
BCW-201845,unassigned,0,2,5,0,0,1,3,6,2,0,1
BCW-201847,Enterobacter,1,1,6,0,0,2,3,7,3,0,4
BCW-201848,Pantoea,1,1,4,0,0,0,2,4,2,0,1
BCW-201849,Enterobacter,1,1,6,0,0,2,3,7,3,0,4
BCW-201850,Metakosakonia,1,2,5,0,0,1,3,10,2,0,1
BCW-201851,Stenotrophomonas,0,0,11,0,0,1,0,0,0,1,4
BCW-201853,Erwinia,0,1,3,0,0,0,1,4,1,0,1
BCW-201854,Erwinia,0,1,3,0,0,0,1,4,1,0,1
BCW-201857,Enterobacter,1,1,6,0,0,2,3,7,3,0,4
BCW-201858,Metakosakonia,1,2,5,0,0,1,3,10,2,0,1
BCW-201859,Pseudomonas,0,0,3,0,0,0,0,0,0,0,1
BCW-201861,Lactococcus,0,1,2,0,0,0,0,5,0,2,3
BCW-201862,Pseudomonas,0,0,2,0,0,0,0,0,0,0,0
BCW-201864,Pantoea,0,1,3,0,0,0,1,3,1,0,0
BCW-201865,Erwinia,0,1,3,0,0,0,1,4,1,0,1
BCW-201866,Enterobacter,1,1,6,0,0,2,3,7,3,0,4
BCW-201867,Pantoea,0,1,3,0,0,0,1,3,1,0,0
BCW-201868,Pseudomonas,0,0,2,0,0,0,0,0,0,0,1
BCW-201873,Metakosakonia,1,2,5,0,0,1,3,10,2,0,1
BCW-201874,Enterobacter,1,1,6,0,0,2,3,7,3,0,4
BCW-201875,Pseudomonas,0,0,3,0,0,0,0,0,0,0,1
BCW-201876,Metakosakonia,1,2,5,0,0,1,3,10,2,0,1
BCW-201877,unassigned,0,2,5,0,0,1,3,6,2,0,1
BCW-201878,unassigned,0,2,5,0,0,1,3,6,2,0,1
BCW-201879,Metakosakonia,1,2,5,0,0,1,3,10,2,0,1
BCW-201880,unassigned,0,2,5,0,0,1,3,6,2,0,1
BCW-201881,Enterobacter,1,1,6,0,0,2,3,7,3,0,4
BCW-201882,unassigned,0,2,5,0,0,1,3,6,2,0,1
BCW-201883,unassigned,1,1,6,0,0,2,3,7,3,0,4
BCW-201884,unassigned,0,2,5,0,0,1,3,6,2,0,1
BCW-201885,unassigned,0,2,5,0,0,1,3,6,2,0,1
BCW-201886,Metakosakonia,1,2,5,0,0,1,3,10,2,0,1
BCW-201887,Metakosakonia,1,2,5,0,0,1,3,10,2,0,1
BCW-201888,Metakosakonia,1,2,5,0,0,1,3,10,2,0,1
BCW-201889,unassigned,0,2,5,0,0,1,3,6,2,0,1
BCW-201890,Raoultella,0,1,7,0,0,2,6,10,1,0,2
BCW-201891,unassigned,0,1,2,0,0,0,5,6,1,0,0
BCW-201895,unassigned,0,2,5,0,0,1,3,6,2,0,1
BCW-201896,Curtobacterium,2,1,1,0,0,5,0,1,0,0,4
BCW-201897,Pantoea,1,1,4,0,0,0,2,4,2,0,1
BCW-201899,unassigned,0,2,5,0,0,1,3,6,2,0,1
BCW-201900,Raoultella,1,1,6,0,0,3,5,8,2,0,1
BCW-201901,Raoultella,1,1,8,0,0,3,6,8,1,0,1
BCW-201903,unassigned,0,2,5,0,0,1,3,6,2,0,1
BCW-201909,Pantoea,0,1,3,0,0,0,1,3,1,0,0
BCW-201914,unassigned,0,2,5,0,0,1,3,6,2,0,1
BCW-201917,Pantoea,0,1,3,0,0,0,1,3,1,0,0
BCW-201926,Raoultella,1,1,8,0,0,3,6,9,2,0,2
BCW-201933,Enterobacter,1,1,6,0,0,2,3,7,3,0,4
BCW-201937,Metakosakonia,1,2,5,0,0,1,3,10,2,0,1
BCW-201938,unassigned,0,2,5,0,0,1,3,6,2,0,1
BCW-201945,unassigned,0,2,5,0,0,1,3,6,2,0,1
BCW-201947,Pseudomonas,0,0,3,0,0,0,0,0,0,0,1
BCW-201949,Enterobacter,1,1,6,0,0,2,3,7,3,0,4
BCW-201957,unassigned,0,2,5,0,0,1,3,6,2,0,1
BCW-201972,Metakosakonia,1,2,5,0,0,1,3,10,2,0,1
BCW-201975,unassigned,0,2,5,0,0,1,3,6,2,0,1
BCW-201982,Rahnella,1,1,5,0,0,2,3,6,4,0,3
BCW-201990,Metakosakonia,1,2,5,0,0,1,3,10,2,0,1
BCW-201995,Pantoea,1,1,4,0,0,0,2,4,2,0,1
BCW-201997,Pantoea,0,1,3,0,0,0,1,3,1,0,0
BCW-202001,Pantoea,0,1,3,0,0,0,1,3,1,0,0
